[
  {
    "id": "cd55d4c7-b8d4-4975-85e7-cebd09154753",
    "data": [
      {
        "text": "Traeme",
        "meta": "@DriveAction",
        "alias": "DriveAction",
        "userDefined": true
      },
      {
        "text": " ",
        "userDefined": false
      },
      {
        "text": "el archivo",
        "userDefined": false
      },
      {
        "text": " con nombre ",
        "userDefined": false
      },
      {
        "text": "RedBull.jpg",
        "meta": "@sys.any",
        "alias": "fileName",
        "userDefined": true
      }
    ],
    "isTemplate": false,
    "count": 0,
    "lang": "es",
    "updated": 0
  },
  {
    "id": "50ffc705-a6d5-4a0b-bff8-bd23192b1cc8",
    "data": [
      {
        "text": "Trae",
        "meta": "@DriveAction",
        "alias": "DriveAction",
        "userDefined": true
      },
      {
        "text": " ",
        "userDefined": false
      },
      {
        "text": "un archivo",
        "userDefined": false
      },
      {
        "text": " llamado ",
        "userDefined": false
      },
      {
        "text": "RedBull.jpg",
        "meta": "@sys.any",
        "alias": "fileName",
        "userDefined": true
      }
    ],
    "isTemplate": false,
    "count": 0,
    "lang": "es",
    "updated": 0
  },
  {
    "id": "6abfc173-5c90-47a2-981d-04acfff1d3f0",
    "data": [
      {
        "text": "Traer",
        "meta": "@DriveAction",
        "alias": "DriveAction",
        "userDefined": true
      },
      {
        "text": " ",
        "userDefined": false
      },
      {
        "text": "archivo",
        "userDefined": false
      }
    ],
    "isTemplate": false,
    "count": 1,
    "lang": "es",
    "updated": 0
  },
  {
    "id": "48908d3b-fc5a-4d71-a81c-35fe59627e74",
    "data": [
      {
        "text": "RedBull.jpg",
        "meta": "@sys.any",
        "alias": "fileName",
        "userDefined": false
      }
    ],
    "isTemplate": false,
    "count": 1,
    "lang": "es",
    "updated": 0
  }
]