[
  {
    "id": "68dfdc8b-dea2-4eff-b6cf-89d2c9e63620",
    "data": [
      {
        "text": "Thanks a lot",
        "userDefined": false
      }
    ],
    "isTemplate": false,
    "count": 0,
    "lang": "en",
    "updated": 0
  },
  {
    "id": "299d71bf-3bf6-4477-ac38-d6a9feeae260",
    "data": [
      {
        "text": "Thank you so much",
        "userDefined": false
      }
    ],
    "isTemplate": false,
    "count": 0,
    "lang": "en",
    "updated": 0
  },
  {
    "id": "635e038f-6d84-43af-a582-714f71020904",
    "data": [
      {
        "text": "Muchas gracias",
        "userDefined": false
      }
    ],
    "isTemplate": false,
    "count": 0,
    "lang": "en",
    "updated": 0
  },
  {
    "id": "c03f4677-d9e6-4217-8c14-71b7912fdb01",
    "data": [
      {
        "text": "Ty",
        "userDefined": false
      }
    ],
    "isTemplate": false,
    "count": 4,
    "lang": "en",
    "updated": 0
  },
  {
    "id": "df701d8e-688d-4fe0-9ce5-3a487223e90d",
    "data": [
      {
        "text": "Thank you",
        "userDefined": false
      }
    ],
    "isTemplate": false,
    "count": 18,
    "lang": "en",
    "updated": 0
  },
  {
    "id": "a7d2fd01-e770-4f4f-836f-61cab08177fe",
    "data": [
      {
        "text": "Gracias",
        "userDefined": false
      }
    ],
    "isTemplate": false,
    "count": 13,
    "lang": "en",
    "updated": 0
  },
  {
    "id": "f726c8ff-1050-4460-8d6c-c5cb14ba7fc2",
    "data": [
      {
        "text": "Thanks",
        "userDefined": false
      }
    ],
    "isTemplate": false,
    "count": 13,
    "lang": "en",
    "updated": 0
  },
  {
    "data": [
      {
        "text": "Ty",
        "meta": "@sys.person",
        "alias": "person",
        "userDefined": false
      }
    ],
    "isTemplate": false,
    "count": 0,
    "lang": "en",
    "updated": 0
  },
  {
    "data": [
      {
        "text": "hoy",
        "meta": "@sys.person",
        "alias": "person",
        "userDefined": false
      }
    ],
    "isTemplate": false,
    "count": 2,
    "lang": "en",
    "updated": 0
  }
]