[
  {
    "id": "4eff5dee-707c-46ac-abcf-74a11b0fcb46",
    "data": [
      {
        "text": "remind me to sleep ",
        "userDefined": false
      },
      {
        "text": "tonight",
        "meta": "@sys.date",
        "alias": "date",
        "userDefined": false
      },
      {
        "text": " at ",
        "userDefined": false
      },
      {
        "text": "11pm",
        "meta": "@sys.date-time",
        "alias": "startTime",
        "userDefined": false
      },
      {
        "text": " until ",
        "userDefined": false
      },
      {
        "text": "11:30pm",
        "meta": "@sys.date-time",
        "alias": "endTime",
        "userDefined": false
      }
    ],
    "isTemplate": false,
    "count": 1,
    "lang": "en",
    "updated": 0
  },
  {
    "id": "ff05b9d1-482f-4478-a40c-6bf5d4a7cffb",
    "data": [
      {
        "text": "11pm",
        "meta": "@sys.date-time",
        "alias": "startTime",
        "userDefined": true
      },
      {
        "text": " until ",
        "userDefined": false
      },
      {
        "text": "11:30pm",
        "meta": "@sys.date-time",
        "alias": "endTime",
        "userDefined": true
      }
    ],
    "isTemplate": false,
    "count": 0,
    "lang": "en",
    "updated": 0
  },
  {
    "id": "e4557f2d-ae54-46ef-ae88-d9b8d075ef7d",
    "data": [
      {
        "text": "remind me to sleep ",
        "userDefined": false
      },
      {
        "text": "tonight",
        "meta": "@sys.date",
        "alias": "date",
        "userDefined": true
      }
    ],
    "isTemplate": false,
    "count": 0,
    "lang": "en",
    "updated": 0
  },
  {
    "id": "49c3011f-f3c2-4722-93aa-9b9a5c9330a8",
    "data": [
      {
        "text": "Remind me to ",
        "userDefined": false
      },
      {
        "text": "eat pizza",
        "meta": "@sys.any",
        "alias": "eventName",
        "userDefined": true
      },
      {
        "text": " ",
        "userDefined": false
      },
      {
        "text": "today",
        "meta": "@sys.date",
        "alias": "date",
        "userDefined": false
      },
      {
        "text": " at ",
        "userDefined": false
      },
      {
        "text": "8pm",
        "meta": "@sys.date-time",
        "alias": "startTime",
        "userDefined": false
      },
      {
        "text": " until ",
        "userDefined": false
      },
      {
        "text": "9pm",
        "meta": "@sys.date-time",
        "alias": "endTime",
        "userDefined": false
      }
    ],
    "isTemplate": false,
    "count": 0,
    "lang": "en",
    "updated": 0
  },
  {
    "id": "2e4e7eac-48b7-41b2-a8b2-099d9b82d9c4",
    "data": [
      {
        "text": "Remind me to eat ",
        "userDefined": false
      },
      {
        "text": "today",
        "meta": "@sys.date",
        "alias": "date",
        "userDefined": true
      },
      {
        "text": " at ",
        "userDefined": false
      },
      {
        "text": "5 pm",
        "meta": "@sys.date-time",
        "alias": "startTime",
        "userDefined": true
      },
      {
        "text": " until ",
        "userDefined": false
      },
      {
        "text": "5:30 pm",
        "meta": "@sys.date-time",
        "alias": "endTime",
        "userDefined": true
      }
    ],
    "isTemplate": false,
    "count": 0,
    "lang": "en",
    "updated": 0
  },
  {
    "id": "0cb6d7fe-36ce-478d-9943-28c3fb8cab27",
    "data": [
      {
        "text": "Please make an appointment for ",
        "userDefined": false
      },
      {
        "text": "today",
        "meta": "@sys.date",
        "alias": "date",
        "userDefined": false
      },
      {
        "text": " from ",
        "userDefined": false
      },
      {
        "text": "10am",
        "meta": "@sys.date-time",
        "alias": "startTime",
        "userDefined": false
      },
      {
        "text": " til ",
        "userDefined": false
      },
      {
        "text": "11am",
        "meta": "@sys.date-time",
        "alias": "endTime",
        "userDefined": true
      }
    ],
    "isTemplate": false,
    "count": 0,
    "lang": "en",
    "updated": 0
  },
  {
    "id": "af8e058b-0793-4fbd-abea-7b5f78366326",
    "data": [
      {
        "text": "I want to make an appointment on ",
        "userDefined": false
      },
      {
        "text": "friday",
        "meta": "@sys.date",
        "alias": "date",
        "userDefined": true
      },
      {
        "text": " at ",
        "userDefined": false
      },
      {
        "text": "10 am",
        "meta": "@sys.date-time",
        "alias": "startTime",
        "userDefined": false
      }
    ],
    "isTemplate": false,
    "count": 0,
    "lang": "en",
    "updated": 0
  },
  {
    "id": "f8d12ba1-da47-4448-8c82-0399eb54c783",
    "data": [
      {
        "text": "Appointment ",
        "userDefined": false
      },
      {
        "text": "tomorrow",
        "meta": "@sys.date",
        "alias": "date",
        "userDefined": false
      },
      {
        "text": " at ",
        "userDefined": false
      },
      {
        "text": "1 pm",
        "meta": "@sys.date-time",
        "alias": "startTime",
        "userDefined": false
      }
    ],
    "isTemplate": false,
    "count": 0,
    "lang": "en",
    "updated": 0
  },
  {
    "id": "6cf6b4b6-d37f-422a-b9e0-0fcf527936a3",
    "data": [
      {
        "text": "remind me a meeting for ",
        "userDefined": false
      },
      {
        "text": "tomorrow",
        "meta": "@sys.date",
        "alias": "date",
        "userDefined": false
      },
      {
        "text": " at ",
        "userDefined": false
      },
      {
        "text": "3 pm",
        "meta": "@sys.date-time",
        "alias": "startTime",
        "userDefined": false
      },
      {
        "text": " until ",
        "userDefined": false
      },
      {
        "text": "4pm",
        "meta": "@sys.date-time",
        "alias": "endTime",
        "userDefined": false
      }
    ],
    "isTemplate": false,
    "count": 0,
    "lang": "en",
    "updated": 0
  },
  {
    "id": "ca41e9a3-32a8-486c-8378-a533a40dd4c3",
    "data": [
      {
        "text": "remind me to ",
        "userDefined": false
      },
      {
        "text": "eat",
        "userDefined": true
      },
      {
        "text": " on ",
        "userDefined": false
      },
      {
        "text": "tomorrow",
        "meta": "@sys.date",
        "alias": "date",
        "userDefined": true
      },
      {
        "text": " at ",
        "userDefined": false
      },
      {
        "text": "8 pm",
        "meta": "@sys.date-time",
        "alias": "startTime",
        "userDefined": true
      }
    ],
    "isTemplate": false,
    "count": 0,
    "lang": "en",
    "updated": 0
  },
  {
    "id": "e9d0b87a-a451-4218-a6f2-c3a46afdc86b",
    "data": [
      {
        "text": "remind me to ",
        "userDefined": false
      },
      {
        "text": "eat",
        "userDefined": true
      }
    ],
    "isTemplate": false,
    "count": 0,
    "lang": "en",
    "updated": 0
  },
  {
    "id": "d3c9a17f-1d26-4cb8-aa6b-d40f7148fe7b",
    "data": [
      {
        "text": "reminder",
        "userDefined": false
      }
    ],
    "isTemplate": false,
    "count": 0,
    "lang": "en",
    "updated": 0
  },
  {
    "id": "ab9eb412-4f9b-49ec-a0d3-a9164343c6d7",
    "data": [
      {
        "text": "Today",
        "meta": "@sys.date",
        "alias": "date",
        "userDefined": false
      },
      {
        "text": " at ",
        "userDefined": false
      },
      {
        "text": "11 am",
        "meta": "@sys.date-time",
        "alias": "startTime",
        "userDefined": false
      },
      {
        "text": " until ",
        "userDefined": false
      },
      {
        "text": "9pm",
        "meta": "@sys.date-time",
        "alias": "endTime",
        "userDefined": true
      }
    ],
    "isTemplate": false,
    "count": 7,
    "lang": "en",
    "updated": 0
  },
  {
    "id": "88f46e21-c329-44b3-80a4-ea57fdb3dcb3",
    "data": [
      {
        "text": "remind me to eat ",
        "userDefined": false
      },
      {
        "text": "tonight",
        "meta": "@sys.date",
        "alias": "date",
        "userDefined": false
      },
      {
        "text": " at ",
        "userDefined": false
      },
      {
        "text": "8pm",
        "meta": "@sys.date-time",
        "alias": "startTime",
        "userDefined": false
      },
      {
        "text": " until ",
        "userDefined": false
      },
      {
        "text": "8:30pm",
        "meta": "@sys.date-time",
        "alias": "endTime",
        "userDefined": false
      }
    ],
    "isTemplate": false,
    "count": 11,
    "lang": "en",
    "updated": 0
  },
  {
    "id": "65f5af03-ce19-415a-96ba-2881842f0766",
    "data": [
      {
        "text": "set up an appointment",
        "userDefined": false
      }
    ],
    "isTemplate": false,
    "count": 16,
    "lang": "en",
    "updated": 0
  },
  {
    "id": "785315a3-5abd-4b46-8b62-7a21d03b3f2b",
    "data": [
      {
        "text": "Today",
        "meta": "@sys.date",
        "alias": "date",
        "userDefined": false
      },
      {
        "text": " at ",
        "userDefined": false
      },
      {
        "text": "12",
        "meta": "@sys.date-time",
        "alias": "startTime",
        "userDefined": false
      },
      {
        "text": " until ",
        "userDefined": false
      },
      {
        "text": "9pm",
        "meta": "@sys.date-time",
        "alias": "endTime",
        "userDefined": false
      }
    ],
    "isTemplate": false,
    "count": 2,
    "lang": "en",
    "updated": 0
  },
  {
    "id": "46d371e7-16fc-4543-8b68-14a6d07ab0f0",
    "data": [
      {
        "text": "Create an appointment for ",
        "userDefined": false
      },
      {
        "text": "today",
        "meta": "@sys.date",
        "alias": "date",
        "userDefined": false
      },
      {
        "text": " at ",
        "userDefined": false
      },
      {
        "text": "3:45 pm",
        "meta": "@sys.date-time",
        "alias": "startTime",
        "userDefined": false
      },
      {
        "text": " until ",
        "userDefined": false
      },
      {
        "text": "4 pm",
        "meta": "@sys.date-time",
        "alias": "endTime",
        "userDefined": false
      },
      {
        "text": " called ",
        "userDefined": false
      },
      {
        "text": "PAUSA",
        "meta": "@sys.any",
        "alias": "eventName",
        "userDefined": true
      }
    ],
    "isTemplate": false,
    "count": 3,
    "lang": "en",
    "updated": 0
  },
  {
    "id": "8efd7ffe-9c97-4256-97d5-748e968ce92d",
    "data": [
      {
        "text": "Please make an appointment for ",
        "userDefined": false
      },
      {
        "text": "today",
        "meta": "@sys.date",
        "alias": "date",
        "userDefined": false
      },
      {
        "text": " from ",
        "userDefined": false
      },
      {
        "text": "10am",
        "meta": "@sys.date-time",
        "alias": "startTime",
        "userDefined": true
      },
      {
        "text": " til ",
        "userDefined": false
      },
      {
        "text": "11 am",
        "meta": "@sys.date-time",
        "alias": "endTime",
        "userDefined": true
      }
    ],
    "isTemplate": false,
    "count": 2,
    "lang": "en",
    "updated": 0
  },
  {
    "id": "46b4a4de-13d1-4b39-b459-43b2b5cb756b",
    "data": [
      {
        "text": "Please make an appointment for ",
        "userDefined": false
      },
      {
        "text": "tomorrow",
        "meta": "@sys.date",
        "alias": "date",
        "userDefined": false
      },
      {
        "text": " from ",
        "userDefined": false
      },
      {
        "text": "10am",
        "meta": "@sys.date-time",
        "alias": "startTime",
        "userDefined": true
      },
      {
        "text": " til ",
        "userDefined": false
      },
      {
        "text": "11 am",
        "meta": "@sys.date-time",
        "alias": "endTime",
        "userDefined": true
      }
    ],
    "isTemplate": false,
    "count": 2,
    "lang": "en",
    "updated": 0
  },
  {
    "id": "4298d246-8898-4556-9a61-866a217eb3a2",
    "data": [
      {
        "text": "Remind me to drink water ",
        "userDefined": false
      },
      {
        "text": "tomorrow",
        "meta": "@sys.date",
        "alias": "date",
        "userDefined": false
      },
      {
        "text": " at ",
        "userDefined": false
      },
      {
        "text": "1 pm",
        "meta": "@sys.date-time",
        "alias": "startTime",
        "userDefined": true
      },
      {
        "text": " until ",
        "userDefined": false
      },
      {
        "text": "1:15 pm",
        "meta": "@sys.date-time",
        "alias": "endTime",
        "userDefined": true
      }
    ],
    "isTemplate": false,
    "count": 8,
    "lang": "en",
    "updated": 0
  },
  {
    "id": "b1b25ab2-8371-4466-a73e-7ffb2582ae3d",
    "data": [
      {
        "text": "Remind me to ",
        "userDefined": false
      },
      {
        "text": "drink water",
        "meta": "@sys.any",
        "alias": "eventName",
        "userDefined": true
      }
    ],
    "isTemplate": false,
    "count": 1,
    "lang": "en",
    "updated": 0
  },
  {
    "id": "ab691e58-7733-4a95-ae64-9a8fded44ffd",
    "data": [
      {
        "text": "Tomorrow",
        "meta": "@sys.date",
        "alias": "date",
        "userDefined": false
      }
    ],
    "isTemplate": false,
    "count": 4,
    "lang": "en",
    "updated": 0
  },
  {
    "id": "5f503302-76fa-4b40-a0bd-a24a4d3e1fff",
    "data": [
      {
        "text": "Remind me to drink water ",
        "userDefined": false
      },
      {
        "text": "tomorrow",
        "meta": "@sys.date",
        "alias": "date",
        "userDefined": false
      }
    ],
    "isTemplate": false,
    "count": 2,
    "lang": "en",
    "updated": 0
  },
  {
    "id": "5c8de8a0-2759-42c4-9310-873bbe74d88f",
    "data": [
      {
        "text": "1pm",
        "meta": "@sys.date-time",
        "alias": "startTime",
        "userDefined": true
      },
      {
        "text": " until ",
        "userDefined": false
      },
      {
        "text": "2 pm",
        "meta": "@sys.date-time",
        "alias": "endTime",
        "userDefined": true
      }
    ],
    "isTemplate": false,
    "count": 5,
    "lang": "en",
    "updated": 0
  },
  {
    "id": "e20f25fc-0fe9-4e88-9b08-b1fcad5e3632",
    "data": [
      {
        "text": "Remind me to drink water ",
        "userDefined": false
      },
      {
        "text": "tomorrow",
        "meta": "@sys.date",
        "alias": "date",
        "userDefined": false
      },
      {
        "text": " from ",
        "userDefined": false
      },
      {
        "text": "1 pm",
        "meta": "@sys.date-time",
        "alias": "startTime",
        "userDefined": true
      },
      {
        "text": " until ",
        "userDefined": false
      },
      {
        "text": "2 pm",
        "meta": "@sys.date-time",
        "alias": "endTime",
        "userDefined": true
      }
    ],
    "isTemplate": false,
    "count": 2,
    "lang": "en",
    "updated": 0
  },
  {
    "id": "928f2f46-957c-45c9-9da7-ec0f639c95f1",
    "data": [
      {
        "text": "Remind me to ",
        "userDefined": false
      },
      {
        "text": "take my medicine",
        "meta": "@sys.any",
        "alias": "eventName",
        "userDefined": true
      },
      {
        "text": " ",
        "userDefined": false
      },
      {
        "text": "tomorrow",
        "meta": "@sys.date",
        "alias": "date",
        "userDefined": false
      },
      {
        "text": " at ",
        "userDefined": false
      },
      {
        "text": "9 pm",
        "meta": "@sys.date-time",
        "alias": "startTime",
        "userDefined": false
      },
      {
        "text": " until ",
        "userDefined": false
      },
      {
        "text": "9:05pm",
        "userDefined": false
      }
    ],
    "isTemplate": false,
    "count": 2,
    "lang": "en",
    "updated": 0
  },
  {
    "id": "9001c84b-e822-41d6-a3fd-49e0cb2668c1",
    "data": [
      {
        "text": "Remind me to ",
        "userDefined": false
      },
      {
        "text": "drink my medicine",
        "meta": "@sys.any",
        "alias": "eventName",
        "userDefined": true
      },
      {
        "text": " ",
        "userDefined": false
      },
      {
        "text": "tomorrow",
        "meta": "@sys.date",
        "alias": "date",
        "userDefined": false
      },
      {
        "text": " at ",
        "userDefined": false
      },
      {
        "text": "9 pm",
        "meta": "@sys.date-time",
        "alias": "startTime",
        "userDefined": false
      },
      {
        "text": " until ",
        "userDefined": false
      },
      {
        "text": "9:05pm",
        "meta": "@sys.date-time",
        "alias": "endTime",
        "userDefined": false
      }
    ],
    "isTemplate": false,
    "count": 0,
    "lang": "en",
    "updated": 0
  },
  {
    "id": "012c1fe7-729c-404b-a357-9d9126771c0a",
    "data": [
      {
        "text": "remind me to ",
        "userDefined": false
      },
      {
        "text": "eat pizza",
        "meta": "@sys.any",
        "alias": "eventName",
        "userDefined": true
      },
      {
        "text": " ",
        "userDefined": false
      },
      {
        "text": "tonight",
        "meta": "@sys.date",
        "alias": "date",
        "userDefined": false
      },
      {
        "text": " at ",
        "userDefined": false
      },
      {
        "text": "8pm",
        "meta": "@sys.date-time",
        "alias": "startTime",
        "userDefined": false
      }
    ],
    "isTemplate": false,
    "count": 2,
    "lang": "en",
    "updated": 0
  },
  {
    "id": "185fd9e1-f40f-4fad-bd95-8758e4f962ff",
    "data": [
      {
        "text": "Remind me to eat ",
        "userDefined": false
      },
      {
        "text": "today",
        "meta": "@sys.date",
        "alias": "date",
        "userDefined": false
      },
      {
        "text": " at ",
        "userDefined": false
      },
      {
        "text": "4pm",
        "meta": "@sys.date-time",
        "alias": "startTime",
        "userDefined": false
      },
      {
        "text": " until ",
        "userDefined": false
      },
      {
        "text": "5 pm",
        "meta": "@sys.date-time",
        "alias": "endTime",
        "userDefined": false
      }
    ],
    "isTemplate": false,
    "count": 1,
    "lang": "en",
    "updated": 0
  },
  {
    "id": "e13ec044-b5eb-4b41-8deb-d1ee9273c72a",
    "data": [
      {
        "text": "Today",
        "meta": "@sys.date",
        "alias": "date",
        "userDefined": false
      },
      {
        "text": " at ",
        "userDefined": false
      },
      {
        "text": "4pm",
        "meta": "@sys.date-time",
        "alias": "startTime",
        "userDefined": false
      },
      {
        "text": " until ",
        "userDefined": false
      },
      {
        "text": "5pm",
        "meta": "@sys.date-time",
        "alias": "endTime",
        "userDefined": false
      }
    ],
    "isTemplate": false,
    "count": 1,
    "lang": "en",
    "updated": 0
  },
  {
    "id": "748700ca-9c4e-4b8c-85e1-6be853535986",
    "data": [
      {
        "text": "Remind me to ",
        "userDefined": false
      },
      {
        "text": "watch Formula 1",
        "meta": "@sys.any",
        "alias": "eventName",
        "userDefined": true
      },
      {
        "text": " this ",
        "userDefined": false
      },
      {
        "text": "sunday september 3 2023",
        "meta": "@sys.date",
        "alias": "date",
        "userDefined": false
      },
      {
        "text": " from ",
        "userDefined": false
      },
      {
        "text": "9 am",
        "meta": "@sys.date-time",
        "alias": "startTime",
        "userDefined": false
      },
      {
        "text": " until ",
        "userDefined": false
      },
      {
        "text": "11 am",
        "meta": "@sys.date-time",
        "alias": "endTime",
        "userDefined": false
      }
    ],
    "isTemplate": false,
    "count": 0,
    "lang": "en",
    "updated": 0
  },
  {
    "id": "21559cd4-fce0-46d7-9322-69dfa9d9eb21",
    "data": [
      {
        "text": "Please remind me to ",
        "userDefined": false
      },
      {
        "text": "drink water",
        "meta": "@sys.any",
        "alias": "eventName",
        "userDefined": true
      },
      {
        "text": " ",
        "userDefined": false
      },
      {
        "text": "today",
        "meta": "@sys.date",
        "alias": "date",
        "userDefined": false
      },
      {
        "text": " at ",
        "userDefined": false
      },
      {
        "text": "2pm",
        "meta": "@sys.date-time",
        "alias": "startTime",
        "userDefined": false
      },
      {
        "text": " until ",
        "userDefined": false
      },
      {
        "text": "2:30 pm",
        "meta": "@sys.date-time",
        "alias": "endTime",
        "userDefined": false
      }
    ],
    "isTemplate": false,
    "count": 0,
    "lang": "en",
    "updated": 0
  },
  {
    "id": "e340d2ff-f502-4b0d-8b73-9277c0fbf73a",
    "data": [
      {
        "text": "9 am",
        "meta": "@sys.date-time",
        "alias": "startTime",
        "userDefined": false
      },
      {
        "text": " until ",
        "userDefined": false
      },
      {
        "text": "11 am",
        "meta": "@sys.date-time",
        "alias": "endTime",
        "userDefined": false
      }
    ],
    "isTemplate": false,
    "count": 1,
    "lang": "en",
    "updated": 0
  },
  {
    "id": "2660a2a2-86a5-47fe-9696-318ab7d90c79",
    "data": [
      {
        "text": "Remind me to ",
        "userDefined": false
      },
      {
        "text": "eat pizza",
        "meta": "@sys.any",
        "alias": "eventName",
        "userDefined": true
      },
      {
        "text": " ",
        "userDefined": false
      },
      {
        "text": "today",
        "meta": "@sys.date",
        "alias": "date",
        "userDefined": false
      },
      {
        "text": " at ",
        "userDefined": false
      },
      {
        "text": "8 pm",
        "meta": "@sys.date-time",
        "alias": "startTime",
        "userDefined": false
      },
      {
        "text": " until ",
        "userDefined": false
      },
      {
        "text": "9 pm",
        "meta": "@sys.date-time",
        "alias": "endTime",
        "userDefined": false
      }
    ],
    "isTemplate": false,
    "count": 0,
    "lang": "en",
    "updated": 0
  },
  {
    "id": "b669b5f6-93d3-4201-8657-f228e8066521",
    "data": [
      {
        "text": "remind me to eat Lunch ",
        "userDefined": false
      },
      {
        "text": "today",
        "meta": "@sys.date",
        "alias": "date",
        "userDefined": false
      }
    ],
    "isTemplate": false,
    "count": 0,
    "lang": "en",
    "updated": 0
  },
  {
    "id": "2c809b9a-e8ac-452c-a2f4-a9a1352a6f19",
    "data": [
      {
        "text": "today",
        "meta": "@sys.date",
        "alias": "date",
        "userDefined": false
      }
    ],
    "isTemplate": false,
    "count": 3,
    "lang": "en",
    "updated": 0
  },
  {
    "id": "c1c23f1b-1527-4d42-920c-3f72d9e35e1e",
    "data": [
      {
        "text": "1pm",
        "meta": "@sys.date-time",
        "alias": "startTime",
        "userDefined": false
      }
    ],
    "isTemplate": false,
    "count": 0,
    "lang": "en",
    "updated": 0
  },
  {
    "id": "93d58688-51e0-4126-80df-9c975de337b3",
    "data": [
      {
        "text": "2pm",
        "meta": "@sys.date-time",
        "alias": "endTime",
        "userDefined": false
      }
    ],
    "isTemplate": false,
    "count": 0,
    "lang": "en",
    "updated": 0
  },
  {
    "id": "b3701d21-47b3-40fc-a6dd-4f2971ed233f",
    "data": [
      {
        "text": "3PM",
        "meta": "@sys.date-time",
        "alias": "startTime",
        "userDefined": false
      }
    ],
    "isTemplate": false,
    "count": 1,
    "lang": "en",
    "updated": 0
  },
  {
    "id": "46dbbef7-6cc6-4036-a28a-27c74956a879",
    "data": [
      {
        "text": "4PM",
        "meta": "@sys.date-time",
        "alias": "endTime",
        "userDefined": false
      }
    ],
    "isTemplate": false,
    "count": 0,
    "lang": "en",
    "updated": 0
  },
  {
    "id": "96b715b5-f559-4bbd-bef3-2fd8d9242f75",
    "data": [
      {
        "text": "REMIND ME TO EAT ",
        "userDefined": false
      },
      {
        "text": "TODAY",
        "meta": "@sys.date",
        "alias": "date",
        "userDefined": false
      }
    ],
    "isTemplate": false,
    "count": 0,
    "lang": "en",
    "updated": 0
  },
  {
    "id": "dc2bf0d7-5969-4c96-97a1-4b8f2fc29be6",
    "data": [
      {
        "text": "TODAY",
        "meta": "@sys.date",
        "alias": "date",
        "userDefined": false
      }
    ],
    "isTemplate": false,
    "count": 0,
    "lang": "en",
    "updated": 0
  },
  {
    "id": "1c75366c-8c4a-4281-9b1b-5f90b535c04c",
    "data": [
      {
        "text": "remind me a meeting called ReGex Holcim",
        "userDefined": false
      }
    ],
    "isTemplate": false,
    "count": 1,
    "lang": "en",
    "updated": 0
  },
  {
    "id": "0ff93a85-917c-4e15-9ec3-9fffd2c6f189",
    "data": [
      {
        "text": "recuerdame ",
        "userDefined": false
      },
      {
        "text": "dormir",
        "meta": "@sys.any",
        "alias": "eventName",
        "userDefined": false
      },
      {
        "text": " ",
        "userDefined": false
      },
      {
        "text": "hoy",
        "meta": "@sys.date",
        "alias": "date",
        "userDefined": false
      },
      {
        "text": " en la noche",
        "userDefined": false
      }
    ],
    "isTemplate": false,
    "count": 2,
    "lang": "en",
    "updated": 0
  },
  {
    "id": "5cd48a61-120e-4176-a6da-8ee0c576310f",
    "data": [
      {
        "text": "hoy",
        "meta": "@sys.date",
        "alias": "date",
        "userDefined": false
      }
    ],
    "isTemplate": false,
    "count": 0,
    "lang": "en",
    "updated": 0
  },
  {
    "id": "5c3a105a-5039-4c48-a739-f82e157b5707",
    "data": [
      {
        "text": "recuerdame dormir ",
        "userDefined": false
      },
      {
        "text": "hoy",
        "meta": "@sys.date",
        "alias": "date",
        "userDefined": false
      },
      {
        "text": " en la noche",
        "userDefined": false
      }
    ],
    "isTemplate": false,
    "count": 5,
    "lang": "en",
    "updated": 0
  },
  {
    "id": "d8000d27-e049-42d9-8a8a-53948d3b2183",
    "data": [
      {
        "text": "8pm",
        "meta": "@sys.date-time",
        "alias": "startTime",
        "userDefined": false
      }
    ],
    "isTemplate": false,
    "count": 0,
    "lang": "en",
    "updated": 0
  },
  {
    "id": "e8d3ccc8-c451-4d75-9b44-71334501f09d",
    "data": [
      {
        "text": "9pm",
        "meta": "@sys.date-time",
        "alias": "endTime",
        "userDefined": false
      }
    ],
    "isTemplate": false,
    "count": 0,
    "lang": "en",
    "updated": 0
  }
]