[
  {
    "id": "4ef6c15b-e16b-42ea-92d3-db8e19d8e402",
    "data": [
      {
        "text": "Subir",
        "meta": "@DriveAction",
        "alias": "DriveAction",
        "userDefined": false
      },
      {
        "text": " ",
        "userDefined": false
      },
      {
        "text": "archivo",
        "userDefined": false
      }
    ],
    "isTemplate": false,
    "count": 0,
    "lang": "es",
    "updated": 0
  },
  {
    "id": "3083f4f7-7c1c-45bd-8a32-059058c2bee7",
    "data": [
      {
        "text": "Añadir",
        "meta": "@DriveAction",
        "alias": "DriveAction",
        "userDefined": true
      },
      {
        "text": " archivo llamado ",
        "userDefined": false
      },
      {
        "text": "Mercedes.jpg",
        "meta": "@sys.any",
        "alias": "fileName",
        "userDefined": true
      }
    ],
    "isTemplate": false,
    "count": 1,
    "lang": "es",
    "updated": 0
  },
  {
    "id": "d8e29b74-cc36-4abf-9c76-7fca0d4c0421",
    "data": [
      {
        "text": "Quiero ",
        "userDefined": false
      },
      {
        "text": "agregar",
        "meta": "@DriveAction",
        "alias": "DriveAction",
        "userDefined": true
      },
      {
        "text": " ",
        "userDefined": false
      },
      {
        "text": "un archivo",
        "userDefined": false
      },
      {
        "text": " llamado ",
        "userDefined": false
      },
      {
        "text": "RedBull.jpg",
        "meta": "@sys.any",
        "alias": "fileName",
        "userDefined": true
      }
    ],
    "isTemplate": false,
    "count": 5,
    "lang": "es",
    "updated": 0
  },
  {
    "id": "65b1ab64-9d81-4886-a1ab-c117a61a84b5",
    "data": [
      {
        "text": "Sube",
        "meta": "@DriveAction",
        "alias": "DriveAction",
        "userDefined": true
      },
      {
        "text": " ",
        "userDefined": false
      },
      {
        "text": "un archivo",
        "userDefined": false
      },
      {
        "text": " llamado ",
        "userDefined": false
      },
      {
        "text": "RedBull.jpg",
        "meta": "@sys.any",
        "alias": "fileName",
        "userDefined": true
      }
    ],
    "isTemplate": false,
    "count": 0,
    "lang": "es",
    "updated": 0
  },
  {
    "id": "b1179850-2647-4c87-8089-5923aadb8fb8",
    "data": [
      {
        "text": "Por favor ",
        "userDefined": false
      },
      {
        "text": "sube",
        "meta": "@DriveAction",
        "alias": "DriveAction",
        "userDefined": true
      },
      {
        "text": " ",
        "userDefined": false
      },
      {
        "text": "un archivo",
        "userDefined": false
      }
    ],
    "isTemplate": false,
    "count": 0,
    "lang": "es",
    "updated": 0
  },
  {
    "id": "cc549674-87bd-4a27-9697-955e53f8511b",
    "data": [
      {
        "text": "sube",
        "meta": "@DriveAction",
        "alias": "DriveAction",
        "userDefined": true
      },
      {
        "text": " ",
        "userDefined": false
      },
      {
        "text": "un archivo",
        "userDefined": false
      }
    ],
    "isTemplate": false,
    "count": 4,
    "lang": "es",
    "updated": 0
  },
  {
    "id": "654409cc-390f-4c21-8394-aa088568238e",
    "data": [
      {
        "text": "Quiero ",
        "userDefined": false
      },
      {
        "text": "subir",
        "meta": "@DriveAction",
        "alias": "DriveAction",
        "userDefined": true
      },
      {
        "text": " ",
        "userDefined": false
      },
      {
        "text": "un archivo",
        "userDefined": false
      }
    ],
    "isTemplate": false,
    "count": 2,
    "lang": "es",
    "updated": 0
  }
]